{"train_loss": 0.0029594988807344416, "epoch": 100, "_timestamp": 1688453249.0548856, "_runtime": 3399.773072719574, "_step": 399, "train_acc": 0.9995265603065491, "valid_loss": 0.04079881854002075, "valid_acc": 0.993534505367279, "_wandb": {"runtime": 3402}}